voteId,chamber,date,bill,title,motionText,result,yea,nay,billUrl
S119_1_00001,Senate,2025-01-09,S. 5,Laken Riley Act,On Cloture on the Motion to Proceed,Pass,0,0,https://www.congress.gov/bill/119th-congress/senate-bill/5
S119_1_00002,Senate,2025-01-13,S. 5,Laken Riley Act,On the Motion to Proceed,Pass,0,0,https://www.congress.gov/bill/119th-congress/senate-bill/5
S119_1_00005,Senate,2025-01-17,S. 5,Laken Riley Act,On the Cloture Motion,Pass,0,0,https://www.congress.gov/bill/119th-congress/senate-bill/5
S119_1_00007,Senate,2025-01-20,S. 5,Laken Riley Act,On Passage of the Bill,Pass,0,0,https://www.congress.gov/bill/119th-congress/senate-bill/5
H2025_0019,House,2025-01-21,H.R. 187,MAPWaters Act of 2025,"On Motion to Suspend the Rules and Pass, as Amended",Pass,413,0,https://www.congress.gov/bill/119th-congress/house-bill/187
H2025_0022,House,2025-01-22,H.R. 165,Wounded Knee Massacre Memorial and Sacred Site Act,On Motion to Suspend the Rules and Pass,Pass,416,0,https://www.congress.gov/bill/119th-congress/house-bill/165
H2025_0023,House,2025-01-22,S. 5,Laken Riley Act,On Passage,Pass,263,156,https://www.congress.gov/bill/119th-congress/senate-bill/5
H2025_0028,House,2025-02-04,H.R. 43,Alaska Native Village Municipal Lands Restoration Act of 2025,On Motion to Suspend the Rules and Pass,Pass,412,1,https://www.congress.gov/bill/119th-congress/house-bill/43
S119_1_00091,Senate,2025-02-25,S.J.Res. 11,"A joint resolution providing for congressional disapproval under chapter 8 of title 5, United States Code, of the rule submitted by the Bureau of Ocean Energy Management relating to ""Protection of Marine Archaeological Resources"".",On the Motion to Proceed,Pass,0,0,https://www.congress.gov/bill/119th-congress/senate-joint-resolution/11
S119_1_00092,Senate,2025-02-25,S.J.Res. 11,"A joint resolution providing for congressional disapproval under chapter 8 of title 5, United States Code, of the rule submitted by the Bureau of Ocean Energy Management relating to ""Protection of Marine Archaeological Resources"".",On the Joint Resolution,Pass,0,0,https://www.congress.gov/bill/119th-congress/senate-joint-resolution/11
H2025_0051,House,2025-02-26,H.R. 695,Medal of Honor Act,"On Motion to Suspend the Rules and Pass, as Amended",Pass,424,0,https://www.congress.gov/bill/119th-congress/house-bill/695
H2025_0052,House,2025-02-26,H.J.Res. 35,"Providing for congressional disapproval under chapter 8 of title 5, United States Code, of the rule submitted by the Environmental Protection Agency relating to ""Waste Emissions Charge for Petroleum and Natural Gas Systems: Procedures for Facilitating Compliance, Including Netting and Exemptions"".",On Passage,Pass,220,206,https://www.congress.gov/bill/119th-congress/house-joint-resolution/35
H2025_0053,House,2025-02-27,H.J.Res. 20,"Providing for congressional disapproval under chapter 8 of title 5, United States Code, of the rule submitted by the Department of Energy relating to ""Energy Conservation Program: Energy Conservation Standards for Consumer Gas-fired Instantaneous Water Heaters"".",On Passage,Pass,221,198,https://www.congress.gov/bill/119th-congress/house-joint-resolution/20
S119_1_00097,Senate,2025-02-27,H.J.Res. 35,"Providing for congressional disapproval under chapter 8 of title 5, United States Code, of the rule submitted by the Environmental Protection Agency relating to ""Waste Emissions Charge for Petroleum and Natural Gas Systems: Procedures for Facilitating Compliance, Including Netting and Exemptions"".",On the Joint Resolution,Pass,0,0,https://www.congress.gov/bill/119th-congress/house-joint-resolution/35
S119_1_00103,Senate,2025-03-04,S.J.Res. 28,"A joint resolution disapproving the rule submitted by the Bureau of Consumer Financial Protection relating to ""Defining Larger Participants of a Market for General-Use Digital Consumer Payment Applications"".",On the Motion to Proceed,Pass,0,0,https://www.congress.gov/bill/119th-congress/senate-joint-resolution/28
H2025_0058,House,2025-03-05,H.J.Res. 61,"Providing for congressional disapproval under chapter 8 of title 5, United States Code, of the rule submitted by the Environmental Protection Agency relating to ""National Emission Standards for Hazardous Air Pollutants: Rubber Tire Manufacturing"".",On Passage,Pass,216,202,https://www.congress.gov/bill/119th-congress/house-joint-resolution/61
H2025_0059,House,2025-03-05,H.J.Res. 42,"Providing for congressional disapproval under chapter 8 of title 5, United States Code, of the rule submitted by the Department of Energy relating to ""Energy Conservation Program for Appliance Standards: Certification Requirements, Labeling Requirements, and Enforcement Provisions for Certain Consumer Products and Commercial Equipment"".",On Passage,Pass,222,203,https://www.congress.gov/bill/119th-congress/house-joint-resolution/42
S119_1_00106,Senate,2025-03-05,S.J.Res. 28,"A joint resolution disapproving the rule submitted by the Bureau of Consumer Financial Protection relating to ""Defining Larger Participants of a Market for General-Use Digital Consumer Payment Applications"".",On the Joint Resolution,Pass,0,0,https://www.congress.gov/bill/119th-congress/senate-joint-resolution/28
H2025_0061,House,2025-03-06,S.J.Res. 11,"A joint resolution providing for congressional disapproval under chapter 8 of title 5, United States Code, of the rule submitted by the Bureau of Ocean Energy Management relating to ""Protection of Marine Archaeological Resources"".",On Passage,Pass,221,202,https://www.congress.gov/bill/119th-congress/senate-joint-resolution/11
S119_1_00110,Senate,2025-03-06,S. 331,HALT Fentanyl Act,On Cloture on the Motion to Proceed,Pass,0,0,https://www.congress.gov/bill/119th-congress/senate-bill/331
H2025_0069,House,2025-03-11,H.R. 1968,"Full-Year Continuing Appropriations and Extensions Act, 2025",On Motion to Recommit,Fail,213,216,https://www.congress.gov/bill/119th-congress/house-bill/1968
H2025_0070,House,2025-03-11,H.R. 1968,"Full-Year Continuing Appropriations and Extensions Act, 2025",On Passage,Pass,217,213,https://www.congress.gov/bill/119th-congress/house-bill/1968
H2025_0071,House,2025-03-11,H.J.Res. 25,"Providing for congressional disapproval under chapter 8 of title 5, United States Code, of the rule submitted by the Internal Revenue Service relating to ""Gross Proceeds Reporting by Brokers That Regularly Provide Services Effectuating Digital Asset Sales"".",On Passage,Pass,292,132,https://www.congress.gov/bill/119th-congress/house-joint-resolution/25
S119_1_00124,Senate,2025-03-13,S. 331,HALT Fentanyl Act,On the Cloture Motion,Pass,0,0,https://www.congress.gov/bill/119th-congress/senate-bill/331
S119_1_00127,Senate,2025-03-14,S. 331,HALT Fentanyl Act,On Passage of the Bill,Pass,0,0,https://www.congress.gov/bill/119th-congress/senate-bill/331
S119_1_00128,Senate,2025-03-14,H.R. 1968,"Full-Year Continuing Appropriations and Extensions Act, 2025",On the Cloture Motion,Pass,0,0,https://www.congress.gov/bill/119th-congress/house-bill/1968
S119_1_00133,Senate,2025-03-14,H.R. 1968,"Full-Year Continuing Appropriations and Extensions Act, 2025",On Passage of the Bill,Pass,0,0,https://www.congress.gov/bill/119th-congress/house-bill/1968
S119_1_00150,Senate,2025-03-26,H.J.Res. 25,"Providing for congressional disapproval under chapter 8 of title 5, United States Code, of the rule submitted by the Internal Revenue Service relating to ""Gross Proceeds Reporting by Brokers That Regularly Provide Services Effectuating Digital Asset Sales"".",On the Motion to Proceed,Pass,0,0,https://www.congress.gov/bill/119th-congress/house-joint-resolution/25
S119_1_00151,Senate,2025-03-26,H.J.Res. 25,"Providing for congressional disapproval under chapter 8 of title 5, United States Code, of the rule submitted by the Internal Revenue Service relating to ""Gross Proceeds Reporting by Brokers That Regularly Provide Services Effectuating Digital Asset Sales"".",On the Joint Resolution,Pass,0,0,https://www.congress.gov/bill/119th-congress/house-joint-resolution/25
S119_1_00152,Senate,2025-03-26,S.J.Res. 18,"A joint resolution disapproving the rule submitted by the Bureau of Consumer Financial Protection relating to ""Overdraft Lending: Very Large Financial Institutions"".",On the Motion to Proceed,Pass,0,0,https://www.congress.gov/bill/119th-congress/senate-joint-resolution/18
H2025_0077,House,2025-03-27,H.J.Res. 24,"Providing for congressional disapproval under chapter 8 of title 5, United States Code, of the rule submitted by the Department of Energy relating to ""Energy Conservation Program: Energy Conservation Standards for Walk-In Coolers and Walk-In Freezers"".",On Passage,Pass,203,182,https://www.congress.gov/bill/119th-congress/house-joint-resolution/24
H2025_0078,House,2025-03-27,H.J.Res. 75,"Providing for congressional disapproval under chapter 8 of title 5, United States Code, of the rule submitted by the Office of Energy Efficiency and Renewable Energy, Department of Energy relating to ""Energy Conservation Program: Energy Conservation Standards for Commercial Refrigerators, Freezers, and Refrigerator-Freezers"".",On Passage,Pass,214,193,https://www.congress.gov/bill/119th-congress/house-joint-resolution/75
S119_1_00153,Senate,2025-03-27,S.J.Res. 18,"A joint resolution disapproving the rule submitted by the Bureau of Consumer Financial Protection relating to ""Overdraft Lending: Very Large Financial Institutions"".",On the Joint Resolution,Pass,0,0,https://www.congress.gov/bill/119th-congress/senate-joint-resolution/18
H2025_0084,House,2025-03-31,H.R. 517,Filing Relief for Natural Disasters Act,"On Motion to Suspend the Rules and Pass, as Amended",Pass,388,0,https://www.congress.gov/bill/119th-congress/house-bill/517
H2025_0088,House,2025-04-01,H.R. 1491,Disaster Related Extension of Deadlines Act,"On Motion to Suspend the Rules and Pass, as Amended",Pass,423,0,https://www.congress.gov/bill/119th-congress/house-bill/1491
S119_1_00161,Senate,2025-04-02,H.J.Res. 24,"Providing for congressional disapproval under chapter 8 of title 5, United States Code, of the rule submitted by the Department of Energy relating to ""Energy Conservation Program: Energy Conservation Standards for Walk-In Coolers and Walk-In Freezers"".",On the Motion to Proceed,Pass,0,0,https://www.congress.gov/bill/119th-congress/house-joint-resolution/24
S119_1_00162,Senate,2025-04-03,H.J.Res. 24,"Providing for congressional disapproval under chapter 8 of title 5, United States Code, of the rule submitted by the Department of Energy relating to ""Energy Conservation Program: Energy Conservation Standards for Walk-In Coolers and Walk-In Freezers"".",On the Joint Resolution,Pass,0,0,https://www.congress.gov/bill/119th-congress/house-joint-resolution/24
H2025_0095,House,2025-04-09,S.J.Res. 28,"A joint resolution disapproving the rule submitted by the Bureau of Consumer Financial Protection relating to ""Defining Larger Participants of a Market for General-Use Digital Consumer Payment Applications"".",On Passage,Pass,219,211,https://www.congress.gov/bill/119th-congress/senate-joint-resolution/28
H2025_0096,House,2025-04-09,S.J.Res. 18,"A joint resolution disapproving the rule submitted by the Bureau of Consumer Financial Protection relating to ""Overdraft Lending: Very Large Financial Institutions"".",On Passage,Pass,217,211,https://www.congress.gov/bill/119th-congress/senate-joint-resolution/18
S119_1_00206,Senate,2025-04-09,H.J.Res. 20,"Providing for congressional disapproval under chapter 8 of title 5, United States Code, of the rule submitted by the Department of Energy relating to ""Energy Conservation Program: Energy Conservation Standards for Consumer Gas-fired Instantaneous Water Heaters"".",On the Motion to Proceed,Pass,0,0,https://www.congress.gov/bill/119th-congress/house-joint-resolution/20
S119_1_00207,Senate,2025-04-10,H.J.Res. 20,"Providing for congressional disapproval under chapter 8 of title 5, United States Code, of the rule submitted by the Department of Energy relating to ""Energy Conservation Program: Energy Conservation Standards for Consumer Gas-fired Instantaneous Water Heaters"".",On the Joint Resolution,Pass,0,0,https://www.congress.gov/bill/119th-congress/house-joint-resolution/20
H2025_0104,House,2025-04-28,S. 146,TAKE IT DOWN Act,On Motion to Suspend the Rules and Pass,Pass,409,2,https://www.congress.gov/bill/119th-congress/senate-bill/146
H2025_0110,House,2025-04-29,H.J.Res. 60,"Providing for congressional disapproval under chapter 8 of title 5, United States Code, of the rule submitted by the National Park Service relating to ""Glen Canyon National Recreation Area: Motor Vehicles"".",On Passage,Pass,219,205,https://www.congress.gov/bill/119th-congress/house-joint-resolution/60
S119_1_00222,Senate,2025-04-29,H.J.Res. 42,"Providing for congressional disapproval under chapter 8 of title 5, United States Code, of the rule submitted by the Department of Energy relating to ""Energy Conservation Program for Appliance Standards: Certification Requirements, Labeling Requirements, and Enforcement Provisions for Certain Consumer Products and Commercial Equipment"".",On the Motion to Proceed,Pass,0,0,https://www.congress.gov/bill/119th-congress/house-joint-resolution/42
H2025_0111,House,2025-04-30,H.J.Res. 87,"Providing congressional disapproval under chapter 8 of title 5, United States Code, of the rule submitted by the Environmental Protection Agency relating to ""California State Motor Vehicle and Engine Pollution Control Standards; Heavy-Duty Vehicle and Engine Emission Warranty and Maintenance Provisions; Advanced Clean Trucks; Zero Emission Airport Shuttle; Zero-Emission Power Train Certification; Waiver of Preemption; Notice of Decision"".",On Passage,Pass,231,191,https://www.congress.gov/bill/119th-congress/house-joint-resolution/87
H2025_0112,House,2025-04-30,H.J.Res. 89,"Providing congressional disapproval under chapter 8 of title 5, United States Code, of the rule submitted by the Environmental Protection Agency relating to ""California State Motor Vehicle and Engine and Nonroad Engine Pollution Control Standards; The ""Omnibus"" Low NOX Regulation; Waiver of Preemption; Notice of Decision"".",On Passage,Pass,225,196,https://www.congress.gov/bill/119th-congress/house-joint-resolution/89
S119_1_00223,Senate,2025-04-30,H.J.Res. 42,"Providing for congressional disapproval under chapter 8 of title 5, United States Code, of the rule submitted by the Department of Energy relating to ""Energy Conservation Program for Appliance Standards: Certification Requirements, Labeling Requirements, and Enforcement Provisions for Certain Consumer Products and Commercial Equipment"".",On the Joint Resolution,Pass,0,0,https://www.congress.gov/bill/119th-congress/house-joint-resolution/42
S119_1_00224,Senate,2025-04-30,H.J.Res. 75,"Providing for congressional disapproval under chapter 8 of title 5, United States Code, of the rule submitted by the Office of Energy Efficiency and Renewable Energy, Department of Energy relating to ""Energy Conservation Program: Energy Conservation Standards for Commercial Refrigerators, Freezers, and Refrigerator-Freezers"".",On the Motion to Proceed,Pass,0,0,https://www.congress.gov/bill/119th-congress/house-joint-resolution/75
S119_1_00227,Senate,2025-04-30,S.J.Res. 31,"A joint resolution providing for congressional disapproval under chapter 8 of title 5, United States Code, of the rule submitted by the Environmental Protection Agency relating to ""Review of Final Rule Reclassification of Major Sources as Area Sources Under Section 112 of the Clean Air Act"".",On the Motion to Proceed,Pass,0,0,https://www.congress.gov/bill/119th-congress/senate-joint-resolution/31
H2025_0114,House,2025-05-01,H.J.Res. 88,"Providing congressional disapproval under chapter 8 of title 5, United States Code, of the rule submitted by the Environmental Protection Agency relating to ""California State Motor Vehicle and Engine Pollution Control Standards; Advanced Clean Cars II; Waiver of Preemption; Notice of Decision"".",On Passage,Pass,246,164,https://www.congress.gov/bill/119th-congress/house-joint-resolution/88
S119_1_00228,Senate,2025-05-01,H.J.Res. 75,"Providing for congressional disapproval under chapter 8 of title 5, United States Code, of the rule submitted by the Office of Energy Efficiency and Renewable Energy, Department of Energy relating to ""Energy Conservation Program: Energy Conservation Standards for Commercial Refrigerators, Freezers, and Refrigerator-Freezers"".",On the Joint Resolution,Pass,0,0,https://www.congress.gov/bill/119th-congress/house-joint-resolution/75
S119_1_00229,Senate,2025-05-01,S.J.Res. 31,"A joint resolution providing for congressional disapproval under chapter 8 of title 5, United States Code, of the rule submitted by the Environmental Protection Agency relating to ""Review of Final Rule Reclassification of Major Sources as Area Sources Under Section 112 of the Clean Air Act"".",On the Joint Resolution,Pass,0,0,https://www.congress.gov/bill/119th-congress/senate-joint-resolution/31
S119_1_00231,Senate,2025-05-05,H.J.Res. 61,"Providing for congressional disapproval under chapter 8 of title 5, United States Code, of the rule submitted by the Environmental Protection Agency relating to ""National Emission Standards for Hazardous Air Pollutants: Rubber Tire Manufacturing"".",On the Motion to Proceed,Pass,0,0,https://www.congress.gov/bill/119th-congress/house-joint-resolution/61
S119_1_00232,Senate,2025-05-06,H.J.Res. 61,"Providing for congressional disapproval under chapter 8 of title 5, United States Code, of the rule submitted by the Environmental Protection Agency relating to ""National Emission Standards for Hazardous Air Pollutants: Rubber Tire Manufacturing"".",On the Joint Resolution,Pass,0,0,https://www.congress.gov/bill/119th-congress/house-joint-resolution/61
S119_1_00233,Senate,2025-05-06,S.J.Res. 13,"A joint resolution providing for congressional disapproval under chapter 8 of title 5, United States Code, of the rule submitted by the Office of the Comptroller of the Currency of the Department of the Treasury relating to the review of applications under the Bank Merger Act.",On the Motion to Proceed,Pass,0,0,https://www.congress.gov/bill/119th-congress/senate-joint-resolution/13
S119_1_00236,Senate,2025-05-06,H.J.Res. 60,"Providing for congressional disapproval under chapter 8 of title 5, United States Code, of the rule submitted by the National Park Service relating to ""Glen Canyon National Recreation Area: Motor Vehicles"".",On the Motion to Proceed,Pass,0,0,https://www.congress.gov/bill/119th-congress/house-joint-resolution/60
S119_1_00237,Senate,2025-05-07,S.J.Res. 13,"A joint resolution providing for congressional disapproval under chapter 8 of title 5, United States Code, of the rule submitted by the Office of the Comptroller of the Currency of the Department of the Treasury relating to the review of applications under the Bank Merger Act.",On the Joint Resolution,Pass,0,0,https://www.congress.gov/bill/119th-congress/senate-joint-resolution/13
S119_1_00239,Senate,2025-05-08,H.J.Res. 60,"Providing for congressional disapproval under chapter 8 of title 5, United States Code, of the rule submitted by the National Park Service relating to ""Glen Canyon National Recreation Area: Motor Vehicles"".",On the Joint Resolution,Pass,0,0,https://www.congress.gov/bill/119th-congress/house-joint-resolution/60
S119_1_00240,Senate,2025-05-08,S. 1582,GENIUS Act,On Cloture on the Motion to Proceed,Fail,0,0,https://www.congress.gov/bill/119th-congress/senate-bill/1582
H2025_0125,House,2025-05-14,H.R. 2215,Salem Maritime National Historical Park Redesignation and Boundary Study Act,On Motion to Suspend the Rules and Pass,Pass,382,31,https://www.congress.gov/bill/119th-congress/house-bill/2215
S119_1_00262,Senate,2025-05-19,S. 1582,GENIUS Act,On Cloture on the Motion to Proceed,Pass,0,0,https://www.congress.gov/bill/119th-congress/senate-bill/1582
H2025_0137,House,2025-05-20,S.J.Res. 13,"A joint resolution providing for congressional disapproval under chapter 8 of title 5, United States Code, of the rule submitted by the Office of the Comptroller of the Currency of the Department of the Treasury relating to the review of applications under the Bank Merger Act.",On Passage,Pass,220,207,https://www.congress.gov/bill/119th-congress/senate-joint-resolution/13
S119_1_00263,Senate,2025-05-21,S. 1582,GENIUS Act,On the Motion to Proceed,Pass,0,0,https://www.congress.gov/bill/119th-congress/senate-bill/1582
S119_1_00276,Senate,2025-05-21,H.J.Res. 88,"Providing congressional disapproval under chapter 8 of title 5, United States Code, of the rule submitted by the Environmental Protection Agency relating to ""California State Motor Vehicle and Engine Pollution Control Standards; Advanced Clean Cars II; Waiver of Preemption; Notice of Decision"".",On the Motion to Proceed,Pass,0,0,https://www.congress.gov/bill/119th-congress/house-joint-resolution/88
H2025_0143,House,2025-05-22,S.J.Res. 31,"A joint resolution providing for congressional disapproval under chapter 8 of title 5, United States Code, of the rule submitted by the Environmental Protection Agency relating to ""Review of Final Rule Reclassification of Major Sources as Area Sources Under Section 112 of the Clean Air Act"".",On Passage,Pass,216,212,https://www.congress.gov/bill/119th-congress/senate-joint-resolution/31
H2025_0144,House,2025-05-22,H.R. 1,An act to provide for reconciliation pursuant to title II of H. Con. Res. 14.,On Motion to Recommit,Fail,212,216,https://www.congress.gov/bill/119th-congress/house-bill/1
H2025_0145,House,2025-05-22,H.R. 1,An act to provide for reconciliation pursuant to title II of H. Con. Res. 14.,On Passage,Pass,215,214,https://www.congress.gov/bill/119th-congress/house-bill/1
S119_1_00277,Senate,2025-05-22,H.J.Res. 88,"Providing congressional disapproval under chapter 8 of title 5, United States Code, of the rule submitted by the Environmental Protection Agency relating to ""California State Motor Vehicle and Engine Pollution Control Standards; Advanced Clean Cars II; Waiver of Preemption; Notice of Decision"".",On the Joint Resolution,Pass,0,0,https://www.congress.gov/bill/119th-congress/house-joint-resolution/88
S119_1_00278,Senate,2025-05-22,H.J.Res. 87,"Providing congressional disapproval under chapter 8 of title 5, United States Code, of the rule submitted by the Environmental Protection Agency relating to ""California State Motor Vehicle and Engine Pollution Control Standards; Heavy-Duty Vehicle and Engine Emission Warranty and Maintenance Provisions; Advanced Clean Trucks; Zero Emission Airport Shuttle; Zero-Emission Power Train Certification; Waiver of Preemption; Notice of Decision"".",On the Motion to Proceed,Pass,0,0,https://www.congress.gov/bill/119th-congress/house-joint-resolution/87
S119_1_00279,Senate,2025-05-22,H.J.Res. 87,"Providing congressional disapproval under chapter 8 of title 5, United States Code, of the rule submitted by the Environmental Protection Agency relating to ""California State Motor Vehicle and Engine Pollution Control Standards; Heavy-Duty Vehicle and Engine Emission Warranty and Maintenance Provisions; Advanced Clean Trucks; Zero Emission Airport Shuttle; Zero-Emission Power Train Certification; Waiver of Preemption; Notice of Decision"".",On the Joint Resolution,Pass,0,0,https://www.congress.gov/bill/119th-congress/house-joint-resolution/87
S119_1_00280,Senate,2025-05-22,H.J.Res. 89,"Providing congressional disapproval under chapter 8 of title 5, United States Code, of the rule submitted by the Environmental Protection Agency relating to ""California State Motor Vehicle and Engine and Nonroad Engine Pollution Control Standards; The ""Omnibus"" Low NOX Regulation; Waiver of Preemption; Notice of Decision"".",On the Motion to Proceed,Pass,0,0,https://www.congress.gov/bill/119th-congress/house-joint-resolution/89
S119_1_00281,Senate,2025-05-22,H.J.Res. 89,"Providing congressional disapproval under chapter 8 of title 5, United States Code, of the rule submitted by the Environmental Protection Agency relating to ""California State Motor Vehicle and Engine and Nonroad Engine Pollution Control Standards; The ""Omnibus"" Low NOX Regulation; Waiver of Preemption; Notice of Decision"".",On the Joint Resolution,Pass,0,0,https://www.congress.gov/bill/119th-congress/house-joint-resolution/89
H2025_0151,House,2025-06-04,H.R. 2483,SUPPORT for Patients and Communities Reauthorization Act of 2025,On Passage,Pass,366,57,https://www.congress.gov/bill/119th-congress/house-bill/2483
H2025_0166,House,2025-06-12,S. 331,HALT Fentanyl Act,On Passage,Pass,321,104,https://www.congress.gov/bill/119th-congress/senate-bill/331
H2025_0167,House,2025-06-12,H.R. 4,Rescissions Act of 2025,On Motion to Recommit,Fail,208,218,https://www.congress.gov/bill/119th-congress/house-bill/4
H2025_0168,House,2025-06-12,H.R. 4,Rescissions Act of 2025,On Passage,Pass,214,212,https://www.congress.gov/bill/119th-congress/house-bill/4
S119_1_00312,Senate,2025-06-12,S. 1582,GENIUS Act,On the Cloture Motion,Pass,0,0,https://www.congress.gov/bill/119th-congress/senate-bill/1582
S119_1_00318,Senate,2025-06-17,S. 1582,GENIUS Act,On Passage of the Bill,Pass,0,0,https://www.congress.gov/bill/119th-congress/senate-bill/1582
S119_1_00329,Senate,2025-06-28,H.R. 1,An act to provide for reconciliation pursuant to title II of H. Con. Res. 14.,On the Motion to Proceed,Pass,0,0,https://www.congress.gov/bill/119th-congress/house-bill/1
S119_1_00332,Senate,2025-06-30,H.R. 1,An act to provide for reconciliation pursuant to title II of H. Con. Res. 14.,On the Motion,Fail,0,0,https://www.congress.gov/bill/119th-congress/house-bill/1
S119_1_00333,Senate,2025-06-30,H.R. 1,An act to provide for reconciliation pursuant to title II of H. Con. Res. 14.,On the Motion,Fail,0,0,https://www.congress.gov/bill/119th-congress/house-bill/1
S119_1_00334,Senate,2025-06-30,H.R. 1,An act to provide for reconciliation pursuant to title II of H. Con. Res. 14.,On the Motion,Pass,0,0,https://www.congress.gov/bill/119th-congress/house-bill/1
S119_1_00335,Senate,2025-06-30,H.R. 1,An act to provide for reconciliation pursuant to title II of H. Con. Res. 14.,On the Motion,Fail,0,0,https://www.congress.gov/bill/119th-congress/house-bill/1
S119_1_00336,Senate,2025-06-30,H.R. 1,An act to provide for reconciliation pursuant to title II of H. Con. Res. 14.,On the Motion,Fail,0,0,https://www.congress.gov/bill/119th-congress/house-bill/1
S119_1_00337,Senate,2025-06-30,H.R. 1,An act to provide for reconciliation pursuant to title II of H. Con. Res. 14.,On the Motion,Fail,0,0,https://www.congress.gov/bill/119th-congress/house-bill/1
S119_1_00338,Senate,2025-06-30,H.R. 1,An act to provide for reconciliation pursuant to title II of H. Con. Res. 14.,On the Motion,Fail,0,0,https://www.congress.gov/bill/119th-congress/house-bill/1
S119_1_00340,Senate,2025-06-30,H.R. 1,An act to provide for reconciliation pursuant to title II of H. Con. Res. 14.,On the Motion,Fail,0,0,https://www.congress.gov/bill/119th-congress/house-bill/1
S119_1_00346,Senate,2025-06-30,H.R. 1,An act to provide for reconciliation pursuant to title II of H. Con. Res. 14.,On the Motion,Fail,0,0,https://www.congress.gov/bill/119th-congress/house-bill/1
S119_1_00347,Senate,2025-06-30,H.R. 1,An act to provide for reconciliation pursuant to title II of H. Con. Res. 14.,On the Motion,Fail,0,0,https://www.congress.gov/bill/119th-congress/house-bill/1
S119_1_00348,Senate,2025-06-30,H.R. 1,An act to provide for reconciliation pursuant to title II of H. Con. Res. 14.,On the Motion,Fail,0,0,https://www.congress.gov/bill/119th-congress/house-bill/1
S119_1_00349,Senate,2025-06-30,H.R. 1,An act to provide for reconciliation pursuant to title II of H. Con. Res. 14.,On the Motion,Fail,0,0,https://www.congress.gov/bill/119th-congress/house-bill/1
S119_1_00350,Senate,2025-06-30,H.R. 1,An act to provide for reconciliation pursuant to title II of H. Con. Res. 14.,On the Motion,Fail,0,0,https://www.congress.gov/bill/119th-congress/house-bill/1
S119_1_00351,Senate,2025-06-30,H.R. 1,An act to provide for reconciliation pursuant to title II of H. Con. Res. 14.,On the Motion,Fail,0,0,https://www.congress.gov/bill/119th-congress/house-bill/1
S119_1_00353,Senate,2025-06-30,H.R. 1,An act to provide for reconciliation pursuant to title II of H. Con. Res. 14.,On the Motion,Fail,0,0,https://www.congress.gov/bill/119th-congress/house-bill/1
S119_1_00354,Senate,2025-07-01,H.R. 1,An act to provide for reconciliation pursuant to title II of H. Con. Res. 14.,On the Motion,Fail,0,0,https://www.congress.gov/bill/119th-congress/house-bill/1
S119_1_00357,Senate,2025-07-01,H.R. 1,An act to provide for reconciliation pursuant to title II of H. Con. Res. 14.,On the Motion,Fail,0,0,https://www.congress.gov/bill/119th-congress/house-bill/1
S119_1_00359,Senate,2025-07-01,H.R. 1,An act to provide for reconciliation pursuant to title II of H. Con. Res. 14.,On the Motion,Fail,0,0,https://www.congress.gov/bill/119th-congress/house-bill/1
S119_1_00372,Senate,2025-07-01,H.R. 1,An act to provide for reconciliation pursuant to title II of H. Con. Res. 14.,On Passage of the Bill,Pass,0,0,https://www.congress.gov/bill/119th-congress/house-bill/1
H2025_0190,House,2025-07-03,H.R. 1,An act to provide for reconciliation pursuant to title II of H. Con. Res. 14.,On Motion to Concur in the Senate Amendment,Pass,218,214,https://www.congress.gov/bill/119th-congress/house-bill/1
H2025_0193,House,2025-07-14,S. 1596,Jocelyn Nungaray National Wildlife Refuge Act,On Motion to Suspend the Rules and Pass,Pass,372,0,https://www.congress.gov/bill/119th-congress/senate-bill/1596
S119_1_00391,Senate,2025-07-15,H.R. 4,Rescissions Act of 2025,On the Motion to Discharge,Pass,0,0,https://www.congress.gov/bill/119th-congress/house-bill/4
S119_1_00392,Senate,2025-07-15,H.R. 4,Rescissions Act of 2025,On the Motion to Proceed,Pass,0,0,https://www.congress.gov/bill/119th-congress/house-bill/4
S119_1_00394,Senate,2025-07-16,H.R. 4,Rescissions Act of 2025,On the Motion to Recommit,Fail,0,0,https://www.congress.gov/bill/119th-congress/house-bill/4
S119_1_00395,Senate,2025-07-16,H.R. 4,Rescissions Act of 2025,On the Motion to Recommit,Fail,0,0,https://www.congress.gov/bill/119th-congress/house-bill/4
S119_1_00396,Senate,2025-07-16,H.R. 4,Rescissions Act of 2025,On the Motion to Recommit,Fail,0,0,https://www.congress.gov/bill/119th-congress/house-bill/4
S119_1_00398,Senate,2025-07-16,H.R. 4,Rescissions Act of 2025,On the Motion to Recommit,Fail,0,0,https://www.congress.gov/bill/119th-congress/house-bill/4
S119_1_00399,Senate,2025-07-16,H.R. 4,Rescissions Act of 2025,On the Motion to Recommit,Fail,0,0,https://www.congress.gov/bill/119th-congress/house-bill/4
S119_1_00401,Senate,2025-07-16,H.R. 4,Rescissions Act of 2025,On the Motion to Recommit,Fail,0,0,https://www.congress.gov/bill/119th-congress/house-bill/4
S119_1_00403,Senate,2025-07-16,H.R. 4,Rescissions Act of 2025,On the Motion to Recommit,Fail,0,0,https://www.congress.gov/bill/119th-congress/house-bill/4
H2025_0200,House,2025-07-17,S. 1582,GENIUS Act,On Passage,Pass,308,122,https://www.congress.gov/bill/119th-congress/senate-bill/1582
S119_1_00411,Senate,2025-07-17,H.R. 4,Rescissions Act of 2025,On Passage of the Bill,Pass,0,0,https://www.congress.gov/bill/119th-congress/house-bill/4
H2025_0224,House,2025-09-03,H.J.Res. 104,"Providing for congressional disapproval under chapter 8 of title 5, United States Code, of the rule submitted by the Bureau of Land Management relating to ""Miles City Field Office Record of Decision and Approved Resource Management Plan Amendment"".",On Passage,Pass,211,208,https://www.congress.gov/bill/119th-congress/house-joint-resolution/104
H2025_0225,House,2025-09-03,H.J.Res. 106,"Providing for congressional disapproval under chapter 8 of title 5, United States Code, of the rule submitted by the Bureau of Land Management relating to ""Central Yukon Record of Decision and Approved Resource Management Plan"".",On Passage,Pass,215,210,https://www.congress.gov/bill/119th-congress/house-joint-resolution/106
H2025_0226,House,2025-09-03,H.J.Res. 105,"Providing for congressional disapproval under chapter 8 of title 5, United States Code, of the rule submitted by the Bureau of Land Management relating to ""North Dakota Field Office Record of Decision and Approved Resource Management Plan"".",On Passage,Pass,215,211,https://www.congress.gov/bill/119th-congress/house-joint-resolution/105
H2025_0280,House,2025-09-19,H.R. 5371,"Continuing Appropriations, Agriculture, Legislative Branch, Military Construction and Veterans Affairs, and Extensions Act, 2026",On Motion to Recommit,Fail,210,218,https://www.congress.gov/bill/119th-congress/house-bill/5371
H2025_0281,House,2025-09-19,H.R. 5371,"Continuing Appropriations, Agriculture, Legislative Branch, Military Construction and Veterans Affairs, and Extensions Act, 2026",On Passage,Pass,217,212,https://www.congress.gov/bill/119th-congress/house-bill/5371
S119_1_00528,Senate,2025-09-19,H.R. 5371,"Continuing Appropriations, Agriculture, Legislative Branch, Military Construction and Veterans Affairs, and Extensions Act, 2026",On Passage of the Bill,Fail,0,0,https://www.congress.gov/bill/119th-congress/house-bill/5371
S119_1_00535,Senate,2025-09-30,H.R. 5371,"Continuing Appropriations, Agriculture, Legislative Branch, Military Construction and Veterans Affairs, and Extensions Act, 2026",On Passage of the Bill,Fail,0,0,https://www.congress.gov/bill/119th-congress/house-bill/5371
S119_1_00537,Senate,2025-10-01,H.R. 5371,"Continuing Appropriations, Agriculture, Legislative Branch, Military Construction and Veterans Affairs, and Extensions Act, 2026",On Cloture on the Motion to Proceed,Fail,0,0,https://www.congress.gov/bill/119th-congress/house-bill/5371
S119_1_00543,Senate,2025-10-03,H.R. 5371,"Continuing Appropriations, Agriculture, Legislative Branch, Military Construction and Veterans Affairs, and Extensions Act, 2026",On Cloture on the Motion to Proceed,Fail,0,0,https://www.congress.gov/bill/119th-congress/house-bill/5371
S119_1_00545,Senate,2025-10-06,H.R. 5371,"Continuing Appropriations, Agriculture, Legislative Branch, Military Construction and Veterans Affairs, and Extensions Act, 2026",On Cloture on the Motion to Proceed,Fail,0,0,https://www.congress.gov/bill/119th-congress/house-bill/5371
S119_1_00548,Senate,2025-10-07,H.J.Res. 104,"Providing for congressional disapproval under chapter 8 of title 5, United States Code, of the rule submitted by the Bureau of Land Management relating to ""Miles City Field Office Record of Decision and Approved Resource Management Plan Amendment"".",On the Motion to Proceed,Pass,0,0,https://www.congress.gov/bill/119th-congress/house-joint-resolution/104
S119_1_00549,Senate,2025-10-08,H.J.Res. 104,"Providing for congressional disapproval under chapter 8 of title 5, United States Code, of the rule submitted by the Bureau of Land Management relating to ""Miles City Field Office Record of Decision and Approved Resource Management Plan Amendment"".",On the Joint Resolution,Pass,0,0,https://www.congress.gov/bill/119th-congress/house-joint-resolution/104
S119_1_00551,Senate,2025-10-08,H.R. 5371,"Continuing Appropriations, Agriculture, Legislative Branch, Military Construction and Veterans Affairs, and Extensions Act, 2026",On Cloture on the Motion to Proceed,Fail,0,0,https://www.congress.gov/bill/119th-congress/house-bill/5371
S119_1_00553,Senate,2025-10-08,H.J.Res. 105,"Providing for congressional disapproval under chapter 8 of title 5, United States Code, of the rule submitted by the Bureau of Land Management relating to ""North Dakota Field Office Record of Decision and Approved Resource Management Plan"".",On the Motion to Proceed,Pass,0,0,https://www.congress.gov/bill/119th-congress/house-joint-resolution/105
S119_1_00556,Senate,2025-10-08,H.J.Res. 105,"Providing for congressional disapproval under chapter 8 of title 5, United States Code, of the rule submitted by the Bureau of Land Management relating to ""North Dakota Field Office Record of Decision and Approved Resource Management Plan"".",On the Joint Resolution,Pass,0,0,https://www.congress.gov/bill/119th-congress/house-joint-resolution/105
S119_1_00558,Senate,2025-10-09,H.R. 5371,"Continuing Appropriations, Agriculture, Legislative Branch, Military Construction and Veterans Affairs, and Extensions Act, 2026",On Cloture on the Motion to Proceed,Fail,0,0,https://www.congress.gov/bill/119th-congress/house-bill/5371
S119_1_00559,Senate,2025-10-09,H.J.Res. 106,"Providing for congressional disapproval under chapter 8 of title 5, United States Code, of the rule submitted by the Bureau of Land Management relating to ""Central Yukon Record of Decision and Approved Resource Management Plan"".",On the Motion to Proceed,Pass,0,0,https://www.congress.gov/bill/119th-congress/house-joint-resolution/106
S119_1_00560,Senate,2025-10-09,H.J.Res. 106,"Providing for congressional disapproval under chapter 8 of title 5, United States Code, of the rule submitted by the Bureau of Land Management relating to ""Central Yukon Record of Decision and Approved Resource Management Plan"".",On the Joint Resolution,Pass,0,0,https://www.congress.gov/bill/119th-congress/house-joint-resolution/106
S119_1_00571,Senate,2025-10-14,H.R. 5371,"Continuing Appropriations, Agriculture, Legislative Branch, Military Construction and Veterans Affairs, and Extensions Act, 2026",On Cloture on the Motion to Proceed,Fail,0,0,https://www.congress.gov/bill/119th-congress/house-bill/5371
S119_1_00572,Senate,2025-10-15,H.R. 5371,"Continuing Appropriations, Agriculture, Legislative Branch, Military Construction and Veterans Affairs, and Extensions Act, 2026",On Cloture on the Motion to Proceed,Fail,0,0,https://www.congress.gov/bill/119th-congress/house-bill/5371
S119_1_00573,Senate,2025-10-16,H.R. 5371,"Continuing Appropriations, Agriculture, Legislative Branch, Military Construction and Veterans Affairs, and Extensions Act, 2026",On Cloture on the Motion to Proceed,Fail,0,0,https://www.congress.gov/bill/119th-congress/house-bill/5371
S119_1_00576,Senate,2025-10-20,H.R. 5371,"Continuing Appropriations, Agriculture, Legislative Branch, Military Construction and Veterans Affairs, and Extensions Act, 2026",On Cloture on the Motion to Proceed,Fail,0,0,https://www.congress.gov/bill/119th-congress/house-bill/5371
S119_1_00581,Senate,2025-10-22,H.R. 5371,"Continuing Appropriations, Agriculture, Legislative Branch, Military Construction and Veterans Affairs, and Extensions Act, 2026",On Cloture on the Motion to Proceed,Fail,0,0,https://www.congress.gov/bill/119th-congress/house-bill/5371
S119_1_00590,Senate,2025-10-28,H.R. 5371,"Continuing Appropriations, Agriculture, Legislative Branch, Military Construction and Veterans Affairs, and Extensions Act, 2026",On Cloture on the Motion to Proceed,Fail,0,0,https://www.congress.gov/bill/119th-congress/house-bill/5371
S119_1_00595,Senate,2025-10-29,S.J.Res. 80,"A joint resolution providing for congressional disapproval under chapter 8 of title 5, United States Code, of the rule submitted by the Bureau of Land Management relating to ""National Petroleum Reserve in Alaska Integrated Activity Plan Record of Decision"".",On the Motion to Proceed,Pass,0,0,https://www.congress.gov/bill/119th-congress/senate-joint-resolution/80
S119_1_00599,Senate,2025-10-30,S.J.Res. 80,"A joint resolution providing for congressional disapproval under chapter 8 of title 5, United States Code, of the rule submitted by the Bureau of Land Management relating to ""National Petroleum Reserve in Alaska Integrated Activity Plan Record of Decision"".",On the Joint Resolution,Pass,0,0,https://www.congress.gov/bill/119th-congress/senate-joint-resolution/80
S119_1_00603,Senate,2025-11-04,H.R. 5371,"Continuing Appropriations, Agriculture, Legislative Branch, Military Construction and Veterans Affairs, and Extensions Act, 2026",On Cloture on the Motion to Proceed,Fail,0,0,https://www.congress.gov/bill/119th-congress/house-bill/5371
S119_1_00610,Senate,2025-11-09,H.R. 5371,"Continuing Appropriations, Agriculture, Legislative Branch, Military Construction and Veterans Affairs, and Extensions Act, 2026",On Cloture on the Motion to Proceed,Pass,0,0,https://www.congress.gov/bill/119th-congress/house-bill/5371
S119_1_00611,Senate,2025-11-10,H.R. 5371,"Continuing Appropriations, Agriculture, Legislative Branch, Military Construction and Veterans Affairs, and Extensions Act, 2026",On the Motion to Proceed,Pass,0,0,https://www.congress.gov/bill/119th-congress/house-bill/5371
S119_1_00617,Senate,2025-11-10,H.R. 5371,"Continuing Appropriations, Agriculture, Legislative Branch, Military Construction and Veterans Affairs, and Extensions Act, 2026",On the Cloture Motion,Pass,0,0,https://www.congress.gov/bill/119th-congress/house-bill/5371
S119_1_00618,Senate,2025-11-10,H.R. 5371,"Continuing Appropriations, Agriculture, Legislative Branch, Military Construction and Veterans Affairs, and Extensions Act, 2026",On Passage of the Bill,Pass,0,0,https://www.congress.gov/bill/119th-congress/house-bill/5371
H2025_0285,House,2025-11-12,H.R. 5371,"Continuing Appropriations, Agriculture, Legislative Branch, Military Construction and Veterans Affairs, and Extensions Act, 2026",On Motion to Concur in the Senate Amendment,Pass,222,209,https://www.congress.gov/bill/119th-congress/house-bill/5371
H2025_0289,House,2025-11-18,H.R. 4405,Epstein Files Transparency Act,On Motion to Suspend the Rules and Pass,Pass,427,1,https://www.congress.gov/bill/119th-congress/house-bill/4405
H2025_0294,House,2025-11-18,H.J.Res. 130,"Providing for congressional disapproval under chapter 8 of title 5, United States Code, of the rule submitted by the Bureau of Land Management relating to Buffalo Field Office Record of Decision and Approved Resource Management Plan Amendment.",On Passage,Pass,214,212,https://www.congress.gov/bill/119th-congress/house-joint-resolution/130
H2025_0295,House,2025-11-18,H.J.Res. 131,"Providing for congressional disapproval under chapter 8 of title 5, United States Code, of the rule submitted by the Bureau of Land Management relating to Coastal Plain Oil and Gas Leasing Program Record of Decision.",On Passage,Pass,217,209,https://www.congress.gov/bill/119th-congress/house-joint-resolution/131
H2025_0296,House,2025-11-18,S.J.Res. 80,"A joint resolution providing for congressional disapproval under chapter 8 of title 5, United States Code, of the rule submitted by the Bureau of Land Management relating to ""National Petroleum Reserve in Alaska Integrated Activity Plan Record of Decision"".",On Passage,Pass,216,209,https://www.congress.gov/bill/119th-congress/senate-joint-resolution/80
S119_1_00623,Senate,2025-11-20,H.J.Res. 130,"Providing for congressional disapproval under chapter 8 of title 5, United States Code, of the rule submitted by the Bureau of Land Management relating to Buffalo Field Office Record of Decision and Approved Resource Management Plan Amendment.",On the Joint Resolution,Pass,0,0,https://www.congress.gov/bill/119th-congress/house-joint-resolution/130
S119_1_00632,Senate,2025-12-04,H.J.Res. 131,"Providing for congressional disapproval under chapter 8 of title 5, United States Code, of the rule submitted by the Bureau of Land Management relating to Coastal Plain Oil and Gas Leasing Program Record of Decision.",On the Joint Resolution,Pass,0,0,https://www.congress.gov/bill/119th-congress/house-joint-resolution/131
H2025_0315,House,2025-12-09,S. 356,Secure Rural Schools Reauthorization Act of 2025,On Motion to Suspend the Rules and Pass,Pass,399,5,https://www.congress.gov/bill/119th-congress/senate-bill/356
H2025_0319,House,2025-12-10,S. 1071,National Defense Authorization Act for Fiscal Year 2026,On Motion to Commit,Fail,209,216,https://www.congress.gov/bill/119th-congress/senate-bill/1071
H2025_0320,House,2025-12-10,S. 1071,National Defense Authorization Act for Fiscal Year 2026,On Passage,Pass,312,112,https://www.congress.gov/bill/119th-congress/senate-bill/1071
S119_1_00646,Senate,2025-12-11,S. 1071,National Defense Authorization Act for Fiscal Year 2026,On the Motion to Proceed,Pass,0,0,https://www.congress.gov/bill/119th-congress/senate-bill/1071
H2025_0335,House,2025-12-15,S. 284,Congressional Award Program Reauthorization Act,On Motion to Suspend the Rules and Pass,Pass,370,22,https://www.congress.gov/bill/119th-congress/senate-bill/284
S119_1_00647,Senate,2025-12-15,S. 1071,National Defense Authorization Act for Fiscal Year 2026,On the Cloture Motion,Pass,0,0,https://www.congress.gov/bill/119th-congress/senate-bill/1071
S119_1_00648,Senate,2025-12-17,S. 1071,National Defense Authorization Act for Fiscal Year 2026,On the Motion,Pass,0,0,https://www.congress.gov/bill/119th-congress/senate-bill/1071
H2026_0005,House,2026-01-08,H.R. 6938,"Commerce, Justice, Science; Energy and Water Development; and Interior and Environment Appropriations Act, 2026",On Retaining Division A,Pass,375,47,https://www.congress.gov/bill/119th-congress/house-bill/6938
H2026_0006,House,2026-01-08,H.R. 6938,"Commerce, Justice, Science; Energy and Water Development; and Interior and Environment Appropriations Act, 2026",On Retaining Divisions B and C,Pass,419,6,https://www.congress.gov/bill/119th-congress/house-bill/6938
H2026_0007,House,2026-01-08,H.R. 6938,"Commerce, Justice, Science; Energy and Water Development; and Interior and Environment Appropriations Act, 2026",On Passage,Pass,397,28,https://www.congress.gov/bill/119th-congress/house-bill/6938
S119_2_00007,Senate,2026-01-12,H.R. 6938,"Commerce, Justice, Science; Energy and Water Development; and Interior and Environment Appropriations Act, 2026",On Cloture on the Motion to Proceed,Pass,0,0,https://www.congress.gov/bill/119th-congress/house-bill/6938
S119_2_00010,Senate,2026-01-15,H.R. 6938,"Commerce, Justice, Science; Energy and Water Development; and Interior and Environment Appropriations Act, 2026",On the Cloture Motion,Pass,0,0,https://www.congress.gov/bill/119th-congress/house-bill/6938
S119_2_00011,Senate,2026-01-15,H.R. 6938,"Commerce, Justice, Science; Energy and Water Development; and Interior and Environment Appropriations Act, 2026",On Passage of the Bill,Pass,0,0,https://www.congress.gov/bill/119th-congress/house-bill/6938
H2026_0038,House,2026-01-21,H.J.Res. 140,"Providing for congressional disapproval under chapter 8 of title 5, United States Code, of the rule submitted by the Bureau of Land Management relating to Public Land Order No. 7917 for Withdrawal of Federal Lands; Cook, Lake, and Saint Louis Counties, MN.",On Passage,Pass,214,208,https://www.congress.gov/bill/119th-congress/house-joint-resolution/140
H2026_0042,House,2026-01-22,H.R. 7147,"Homeland Security and Further Additional Continuing Appropriations Act, 2026.",On Passage,Pass,220,207,https://www.congress.gov/bill/119th-congress/house-bill/7147
H2026_0045,House,2026-01-22,H.R. 7148,"Consolidated Appropriations Act, 2026",On Passage,Pass,341,88,https://www.congress.gov/bill/119th-congress/house-bill/7148
S119_2_00013,Senate,2026-01-29,H.R. 7148,"Consolidated Appropriations Act, 2026",On Cloture on the Motion to Proceed,Fail,0,0,https://www.congress.gov/bill/119th-congress/house-bill/7148
S119_2_00020,Senate,2026-01-30,H.R. 7148,"Consolidated Appropriations Act, 2026",On Passage of the Bill,Pass,0,0,https://www.congress.gov/bill/119th-congress/house-bill/7148
H2026_0053,House,2026-02-03,H.R. 7148,"Consolidated Appropriations Act, 2026",On Motion to Concur in the Senate Amendments,Pass,217,214,https://www.congress.gov/bill/119th-congress/house-bill/7148
H2026_0056,House,2026-02-04,H.J.Res. 142,Disapproving the action of the District of Columbia Council in approving the D.C. Income and Franchise Tax Conformity and Revision Temporary Amendment Act of 2025.,On Passage,Pass,215,210,https://www.congress.gov/bill/119th-congress/house-joint-resolution/142
H2026_0057,House,2026-02-09,H.R. 6644,21st Century ROAD to Housing Act,"On Motion to Suspend the Rules and Pass, as Amended",Pass,390,9,https://www.congress.gov/bill/119th-congress/house-bill/6644
S119_2_00036,Senate,2026-02-11,H.J.Res. 142,Disapproving the action of the District of Columbia Council in approving the D.C. Income and Franchise Tax Conformity and Revision Temporary Amendment Act of 2025.,On the Motion to Proceed,Pass,0,0,https://www.congress.gov/bill/119th-congress/house-joint-resolution/142
S119_2_00037,Senate,2026-02-12,H.J.Res. 142,Disapproving the action of the District of Columbia Council in approving the D.C. Income and Franchise Tax Conformity and Revision Temporary Amendment Act of 2025.,On the Joint Resolution,Pass,0,0,https://www.congress.gov/bill/119th-congress/house-joint-resolution/142
S119_2_00038,Senate,2026-02-12,H.R. 7147,"Homeland Security and Further Additional Continuing Appropriations Act, 2026.",On Cloture on the Motion to Proceed,Fail,0,0,https://www.congress.gov/bill/119th-congress/house-bill/7147
S119_2_00039,Senate,2026-02-24,H.R. 7147,"Homeland Security and Further Additional Continuing Appropriations Act, 2026.",On Cloture on the Motion to Proceed,Fail,0,0,https://www.congress.gov/bill/119th-congress/house-bill/7147
S119_2_00044,Senate,2026-03-02,H.R. 6644,21st Century ROAD to Housing Act,On Cloture on the Motion to Proceed,Pass,0,0,https://www.congress.gov/bill/119th-congress/house-bill/6644
H2026_0081,House,2026-03-04,S. 723,Tribal Trust Land Homeownership Act of 2025,On Motion to Suspend the Rules and Pass,Pass,384,40,https://www.congress.gov/bill/119th-congress/senate-bill/723
S119_2_00045,Senate,2026-03-04,H.R. 6644,21st Century ROAD to Housing Act,On the Motion to Proceed,Pass,0,0,https://www.congress.gov/bill/119th-congress/house-bill/6644
S119_2_00047,Senate,2026-03-05,H.R. 7147,"Homeland Security and Further Additional Continuing Appropriations Act, 2026.",On Cloture on the Motion to Proceed,Fail,0,0,https://www.congress.gov/bill/119th-congress/house-bill/7147
S119_2_00052,Senate,2026-03-11,H.R. 6644,21st Century ROAD to Housing Act,On the Cloture Motion,Pass,0,0,https://www.congress.gov/bill/119th-congress/house-bill/6644
S119_2_00053,Senate,2026-03-12,H.R. 6644,21st Century ROAD to Housing Act,On Passage of the Bill,Pass,0,0,https://www.congress.gov/bill/119th-congress/house-bill/6644
S119_2_00054,Senate,2026-03-12,H.R. 7147,"Homeland Security and Further Additional Continuing Appropriations Act, 2026.",On Cloture on the Motion to Proceed,Fail,0,0,https://www.congress.gov/bill/119th-congress/house-bill/7147
H2026_0089,House,2026-03-17,S. 3971,Small Business Innovation and Economic Security Act,On Motion to Suspend the Rules and Pass,Pass,345,41,https://www.congress.gov/bill/119th-congress/senate-bill/3971
S119_2_00059,Senate,2026-03-20,H.R. 7147,"Homeland Security and Further Additional Continuing Appropriations Act, 2026.",On Cloture on the Motion to Proceed,Fail,0,0,https://www.congress.gov/bill/119th-congress/house-bill/7147
S119_2_00071,Senate,2026-03-25,H.R. 7147,"Homeland Security and Further Additional Continuing Appropriations Act, 2026.",On Cloture on the Motion to Proceed,Fail,0,0,https://www.congress.gov/bill/119th-congress/house-bill/7147
S119_2_00074,Senate,2026-03-26,H.R. 7147,"Homeland Security and Further Additional Continuing Appropriations Act, 2026.",On Cloture on the Motion to Proceed,Fail,0,0,https://www.congress.gov/bill/119th-congress/house-bill/7147
S119_2_00082,Senate,2026-04-15,H.J.Res. 140,"Providing for congressional disapproval under chapter 8 of title 5, United States Code, of the rule submitted by the Bureau of Land Management relating to Public Land Order No. 7917 for Withdrawal of Federal Lands; Cook, Lake, and Saint Louis Counties, MN.",On the Motion to Table,Pass,0,0,https://www.congress.gov/bill/119th-congress/house-joint-resolution/140
S119_2_00083,Senate,2026-04-15,H.J.Res. 140,"Providing for congressional disapproval under chapter 8 of title 5, United States Code, of the rule submitted by the Bureau of Land Management relating to Public Land Order No. 7917 for Withdrawal of Federal Lands; Cook, Lake, and Saint Louis Counties, MN.",On the Motion to Proceed,Pass,0,0,https://www.congress.gov/bill/119th-congress/house-joint-resolution/140
S119_2_00084,Senate,2026-04-16,H.J.Res. 140,"Providing for congressional disapproval under chapter 8 of title 5, United States Code, of the rule submitted by the Bureau of Land Management relating to Public Land Order No. 7917 for Withdrawal of Federal Lands; Cook, Lake, and Saint Louis Counties, MN.",On the Joint Resolution,Pass,0,0,https://www.congress.gov/bill/119th-congress/house-joint-resolution/140
H2026_0129,House,2026-04-21,S. 1020,A bill to require the Federal Energy Regulatory Commission to extend the time period during which licensees are required to commence construction of certain hydropower projects.,On Motion to Suspend the Rules and Pass,Pass,394,14,https://www.congress.gov/bill/119th-congress/senate-bill/1020
H2026_0155,House,2026-04-30,S. 4465,"A bill to amend the FISA Amendments Act of 2008 to extend the authorities of title VII of the Foreign Intelligence Surveillance Act of 1978, and for other purposes.",On Motion to Suspend the Rules and Pass,Pass,261,111,https://www.congress.gov/bill/119th-congress/senate-bill/4465
H2026_0180,House,2026-05-20,S. 2393,Fiscal Year 2025 Veterans Affairs Major Medical Facility Authorization Act,On Motion to Suspend the Rules and Pass,Pass,405,5,https://www.congress.gov/bill/119th-congress/senate-bill/2393
H2026_0181,House,2026-05-20,S. 1003,Lulu’s Law,On Motion to Suspend the Rules and Pass,Pass,401,6,https://www.congress.gov/bill/119th-congress/senate-bill/1003
H2026_0193,House,2026-06-03,S. 254,ARTIST Act,On Motion to Suspend the Rules and Pass,Pass,404,14,https://www.congress.gov/bill/119th-congress/senate-bill/254
S119_2_00136,Senate,2026-06-03,S. 2,Secure America Act,On the Motion to Proceed,Pass,0,0,https://www.congress.gov/bill/119th-congress/senate-bill/2
S119_2_00137,Senate,2026-06-04,S. 2,Secure America Act,On the Motion,Fail,0,0,https://www.congress.gov/bill/119th-congress/senate-bill/2
S119_2_00141,Senate,2026-06-04,S. 2,Secure America Act,On the Motion,Fail,0,0,https://www.congress.gov/bill/119th-congress/senate-bill/2
S119_2_00147,Senate,2026-06-04,S. 2,Secure America Act,On the Motion,Fail,0,0,https://www.congress.gov/bill/119th-congress/senate-bill/2
S119_2_00153,Senate,2026-06-05,S. 2,Secure America Act,On the Motion,Fail,0,0,https://www.congress.gov/bill/119th-congress/senate-bill/2
S119_2_00163,Senate,2026-06-05,S. 2,Secure America Act,On Passage of the Bill,Pass,0,0,https://www.congress.gov/bill/119th-congress/senate-bill/2
H2026_0213,House,2026-06-09,S. 2,Secure America Act,On Motion to Commit,Fail,211,215,https://www.congress.gov/bill/119th-congress/senate-bill/2
H2026_0214,House,2026-06-09,S. 2,Secure America Act,On Passage,Pass,214,212,https://www.congress.gov/bill/119th-congress/senate-bill/2
S119_2_00175,Senate,2026-06-16,H.R. 6644,21st Century ROAD to Housing Act,On the Motion to Proceed,Pass,0,0,https://www.congress.gov/bill/119th-congress/house-bill/6644
S119_2_00180,Senate,2026-06-18,H.R. 6644,21st Century ROAD to Housing Act,On the Cloture Motion,Pass,0,0,https://www.congress.gov/bill/119th-congress/house-bill/6644
S119_2_00182,Senate,2026-06-22,H.R. 6644,21st Century ROAD to Housing Act,On the Motion,Pass,0,0,https://www.congress.gov/bill/119th-congress/house-bill/6644
H2026_0223,House,2026-06-23,S. 629,Emergency Conservation Program Improvement Act of 2025,On Motion to Suspend the Rules and Pass,Pass,368,19,https://www.congress.gov/bill/119th-congress/senate-bill/629
H2026_0224,House,2026-06-23,H.R. 6644,21st Century ROAD to Housing Act,On Motion to Suspend the Rules and Concur in Senate Adt to House Adt to Senate Adt,Pass,358,32,https://www.congress.gov/bill/119th-congress/house-bill/6644
